{
  "coefficients": [
    101.43812092241279,
    0.9159822252696035,
    1.7412290638839176,
    -2.91522454129986,
    -0.0001461776136881632,
    -0.0004023037445342217,
    0.007604553460334047,
    -0.011331502380787627,
    -0.0001482594897139667,
    -8.147963153598235,
    -148.82333158224108
  ],
  "intercept": 422.2031061975697,
  "r_squared": 0.9018919722288565,
  "exact_matches": 0,
  "close_matches": 7,
  "avg_error": 97.47518528442745,
  "feature_names": [
    "days",
    "miles",
    "receipts",
    "days\u00b2",
    "miles\u00b2",
    "receipts\u00b2",
    "days\u00d7miles",
    "days\u00d7receipts",
    "miles\u00d7receipts",
    "\u221amiles",
    "log(receipts)"
  ]
}