{
  "n_clusters": 2,
  "clusters": {
    "0": {
      "count": 884,
      "avg_days": 7.770361990950226,
      "avg_miles": 583.2600226244343,
      "avg_receipts": 1172.5565384615386,
      "avg_expected": 1367.4072850678733,
      "avg_daily_spending": 177.33209732286318,
      "avg_daily_miles": 95.57379371043737,
      "avg_daily_reimbursement": 203.45080557417066,
      "avg_reimbursement_ratio": 3.012804385777645,
      "case_ids": [
        0,
        1,
        2,
        3,
        4,
        5,
        6,
        7,
        8,
        9
      ]
    },
    "1": {
      "count": 116,
      "avg_days": 1.5,
      "avg_miles": 705.2748275862069,
      "avg_receipts": 1504.4559482758618,
      "avg_expected": 1209.7068103448275,
      "avg_daily_spending": 1111.5905747126437,
      "avg_daily_miles": 539.1289798850574,
      "avg_daily_reimbursement": 903.9786206896554,
      "avg_reimbursement_ratio": 1.1920528997376243,
      "case_ids": [
        74,
        75,
        77,
        78,
        87,
        90,
        94,
        96,
        101,
        108
      ]
    }
  }
}