{
  "3|0-100|<50": -99.1225,
  "1|0-100|<50": -220.07,
  "2|0-100|<50": -179.23333333333335,
  "1|100-300|<50": -196.02666666666664,
  "3|100-300|<50": -63.43499999999999,
  "2|100-300|<50": -115.005,
  "5|100-300|50-150": -199.762,
  "5|100-300|150-300": 326.8057142857142,
  "5|300-600|50-150": -145.846,
  "5|600-1000|50-150": -468.25388888888887,
  "5|600-1000|150-300": 101.17749999999997,
  "5|300-600|150-300": 100.30333333333336,
  "5|300-600|<50": -140.36500000000004,
  "8|600-1000|150-300": -0.0058333333333469755,
  "11|600-1000|150-300": 0.0006249999999852207,
  "9|600-1000|<50": -14.58833333333329,
  "8|600-1000|<50": -182.38,
  "12|300-600|50-150": 49.90142857142856,
  "8|300-600|50-150": 33.287499999999966,
  "9|100-300|50-150": 492.2614285714286,
  "12|600-1000|50-150": 0.0049999999999954525,
  "11|600-1000|50-150": 25.858181818181865,
  "10|300-600|150-300": -0.0049999999999954525,
  "12|300-600|150-300": 0.0011111111111101006,
  "9|600-1000|150-300": -0.006666666666685867,
  "9|300-600|150-300": -5.684341886080802e-14,
  "8|600-1000|50-150": 21.531111111111134,
  "10|600-1000|50-150": 42.85500000000002,
  "10|100-300|50-150": 270.558,
  "9|600-1000|50-150": 4.714444444444451,
  "6|600-1000|50-150": -337.36875,
  "2|600-1000|<50": -0.009999999999990905,
  "3|600-1000|50-150": -304.025,
  "3|600-1000|150-300": -294.00999999999993,
  "3|600-1000|300+": 85.24583333333332,
  "7|600-1000|<50": -235.33500000000004,
  "2|600-1000|300+": 61.97117647058823,
  "1|600-1000|50-150": -153.61,
  "1|600-1000|300+": 2.852962962962962,
  "7|600-1000|150-300": 0.004285714285710388,
  "4|600-1000|150-300": -40.83599999999992,
  "6|100-300|50-150": -268.15500000000003,
  "1|100-300|300+": -8.129000000000008,
  "1|300-600|300+": -90.01277777777779,
  "10|300-600|<50": -249.42,
  "2|300-600|150-300": -303.72,
  "9|300-600|<50": -117.806,
  "3|1000+|50-150": -528.65,
  "1|300-600|150-300": -358.97333333333336,
  "1|100-300|150-300": -248.97666666666666,
  "2|600-1000|150-300": -250.01000000000008,
  "3|1000+|150-300": -638.3866666666667,
  "6|0-100|50-150": 238.27499999999998,
  "8|100-300|50-150": 260.10571428571427,
  "7|100-300|150-300": 0.006666666666660603,
  "8|100-300|<50": -5.470000000000027,
  "8|100-300|150-300": 0.0,
  "9|0-100|50-150": 532.7475,
  "5|0-100|150-300": 486.52333333333337,
  "6|100-300|150-300": 565.3333333333333,
  "6|600-1000|150-300": 13.056999999999993,
  "9|1000+|50-150": 0.0024999999999977263,
  "7|1000+|150-300": 0.013333333333321207,
  "8|1000+|150-300": 0.0024999999999977263,
  "9|1000+|150-300": -0.0022222222222202013,
  "6|1000+|150-300": -47.02666666666664,
  "4|0-100|300+": 307.326,
  "11|1000+|<50": 0.006666666666660603,
  "13|600-1000|50-150": 22.764999999999958,
  "3|1000+|300+": -75.5314285714286,
  "11|300-600|50-150": 95.82300000000001,
  "10|100-300|<50": -191.27500000000003,
  "6|300-600|50-150": -113.94555555555553,
  "10|1000+|<50": -0.010000000000104592,
  "5|1000+|300+": -18.295555555555538,
  "2|100-300|300+": 178.22285714285712,
  "5|1000+|<50": -715.7700000000001,
  "12|600-1000|150-300": 0.0016666666666840986,
  "7|600-1000|50-150": -211.23999999999998,
  "3|300-600|300+": 84.20714285714287,
  "4|300-600|150-300": 68.245,
  "4|300-600|300+": 65.49625,
  "1|0-100|300+": 294.02250000000004,
  "14|600-1000|50-150": 22.78124999999997,
  "2|300-600|300+": 82.96833333333332,
  "5|600-1000|<50": -540.3900000000001,
  "9|300-600|50-150": -19.59444444444445,
  "6|0-100|<50": -204.27999999999997,
  "8|300-600|150-300": -0.008571428571437016,
  "6|300-600|150-300": 111.944,
  "12|0-100|50-150": 678.9228571428572,
  "11|300-600|150-300": -0.003999999999996362,
  "10|600-1000|150-300": -0.002307692307690209,
  "5|100-300|<50": -127.67999999999995,
  "12|1000+|<50": 0.0024999999999977263,
  "4|1000+|300+": 5.796666666666662,
  "13|300-600|50-150": 127.48000000000002,
  "6|300-600|300+": -168.74,
  "13|1000+|50-150": 0.005714285714215553,
  "14|300-600|50-150": -3.221111111111125,
  "3|300-600|50-150": -162.065,
  "8|1000+|50-150": 0.006249999999965894,
  "14|0-100|50-150": 669.5766666666667,
  "7|100-300|<50": -89.47749999999999,
  "11|0-100|50-150": 412.535,
  "12|100-300|50-150": 526.315,
  "7|600-1000|300+": 0.009999999999990905,
  "5|300-600|300+": 38.24000000000001,
  "12|100-300|<50": -197.126,
  "4|600-1000|300+": 113.14499999999998,
  "13|0-100|50-150": 554.3775,
  "14|1000+|150-300": 0.0024999999999977263,
  "4|100-300|150-300": 110.78000000000002,
  "2|0-100|300+": 292.86999999999995,
  "14|600-1000|150-300": 0.0049999999999954525,
  "5|600-1000|300+": 22.416153846153854,
  "4|600-1000|50-150": -183.56,
  "11|1000+|50-150": 0.0033333333332545103,
  "10|300-600|50-150": 130.36999999999998,
  "5|1000+|50-150": -534.6899999999999,
  "8|1000+|<50": 0.0,
  "3|100-300|50-150": -241.38600000000002,
  "4|300-600|<50": -25.49000000000001,
  "10|100-300|150-300": -0.0024999999999977263,
  "3|100-300|300+": 435.8790909090909,
  "11|1000+|150-300": 0.006666666666584812,
  "10|600-1000|<50": -0.003999999999996362,
  "14|100-300|50-150": 720.7866666666667,
  "7|1000+|300+": 0.009999999999990905,
  "1|100-300|50-150": -224.99,
  "3|0-100|150-300": 200.12666666666664,
  "2|300-600|50-150": -130.695,
  "11|100-300|<50": -188.3725,
  "6|1000+|300+": -312.235,
  "13|600-1000|<50": 14.024000000000024,
  "13|1000+|150-300": 0.0033333333333303017,
  "4|100-300|300+": 360.86818181818177,
  "7|1000+|50-150": -706.3059999999999,
  "10|1000+|150-300": 0.006666666666660603,
  "7|300-600|150-300": -0.0024999999999977263,
  "14|1000+|<50": 0.0024999999999977263,
  "6|100-300|300+": 677.48,
  "8|0-100|150-300": 0.0049999999999954525,
  "12|0-100|150-300": 0.0024999999999977263,
  "13|100-300|150-300": 0.010000000000047748,
  "12|1000+|50-150": -0.002499999999940883,
  "11|300-600|<50": -125.43999999999994,
  "14|1000+|50-150": 0.005000000000052296,
  "4|1000+|150-300": -370.60666666666674,
  "14|100-300|<50": -362.86,
  "6|1000+|<50": -591.5799999999999,
  "2|600-1000|50-150": -424.18000000000006,
  "2|1000+|150-300": 0.0,
  "14|100-300|150-300": 0.009999999999990905,
  "1|1000+|300+": -0.01071428571428003,
  "7|300-600|300+": 0.009999999999990905,
  "13|100-300|<50": -290.4000000000001,
  "2|1000+|300+": -0.00833333333336365,
  "11|600-1000|<50": -33.20250000000004,
  "14|300-600|<50": -24.977499999999907,
  "8|0-100|<50": 74.13333333333331,
  "13|300-600|<50": -167.68999999999994,
  "10|0-100|<50": 137.79499999999996,
  "14|600-1000|<50": 0.0049999999999954525,
  "14|300-600|150-300": 0.010000000000104592,
  "8|300-600|300+": -0.009999999999990905,
  "5|100-300|300+": 0.006666666666660603,
  "13|600-1000|150-300": 0.009999999999990905,
  "10|0-100|50-150": 565.7099999999999,
  "4|0-100|50-150": 25.936666666666667,
  "12|1000+|150-300": 0.0,
  "8|300-600|<50": -95.55999999999995,
  "13|0-100|<50": -14.923333333333327,
  "12|600-1000|<50": -87.51999999999998,
  "2|100-300|150-300": -205.87,
  "10|1000+|50-150": 0.0,
  "8|100-300|300+": -0.009999999999990905,
  "8|0-100|50-150": 637.0600000000001,
  "5|1000+|150-300": -249.81000000000006,
  "3|0-100|300+": 747.8899999999999,
  "7|100-300|300+": 0.0,
  "6|300-600|<50": -151.57000000000005,
  "14|0-100|<50": 118.0100000000001,
  "3|100-300|150-300": -31.089999999999993,
  "6|600-1000|300+": -204.35750000000002,
  "4|1000+|<50": -511.15999999999997,
  "4|100-300|50-150": -98.98000000000002,
  "4|1000+|50-150": -555.0566666666667,
  "9|0-100|<50": 88.13500000000005,
  "5|0-100|300+": 0.024999999999977263,
  "11|0-100|150-300": 0.0,
  "1|0-100|50-150": -216.85999999999999,
  "8|600-1000|300+": -0.009999999999990905,
  "9|1000+|<50": 0.0,
  "9|100-300|150-300": 0.0,
  "13|300-600|150-300": 0.0,
  "11|100-300|50-150": 653.4350000000001,
  "1|600-1000|<50": -0.009999999999990905,
  "12|0-100|<50": -117.64999999999998,
  "7|300-600|<50": -87.73500000000007,
  "11|100-300|150-300": 0.0,
  "13|100-300|50-150": 767.75,
  "4|300-600|50-150": -46.49000000000001,
  "13|1000+|<50": 0.0,